,Market_Trend,Competitor_Pricing,Supply_Demand,Price_Fluctuation_Factor,,product_name,buying_price,selling_price,bought_quantity,current_quantity,rate_of_returns,shelf_life,turnover_rate,supplier_lead_time,transportation_cost,previous_restock_time,quantity_to_buy
0,positive,medium,balanced,0.926462435,,Luxury Cashmere Coat,1200,2500,300,150,0.02,365,0.5,7,30,14,10
1,neutral,medium,balanced,1.036960145,,Designer Silk Gown,1500,3500,150,80,0.01,180,0.8,14,50,21,5
2,positive,medium,high_supply_low_demand,1.204247332,,Handcrafted Leather Jacket,1800,4000,250,100,0.02,365,0.6,10,40,10,15
3,neutral,medium,balanced,1.396915311,,High-end Business Suit,2000,4500,100,50,0.03,365,0.7,8,35,10,8
4,neutral,high,high_supply_low_demand,1.045141366,,Exquisite Wedding Dress,2500,6000,80,40,0.01,180,0.9,12,45,18,4
5,negative,medium,high_supply_low_demand,0.987592078,,Luxury Denim Overalls,1800,3500,180,60,0.02,365,0.5,6,25,12,10
6,positive,high,low_supply_high_demand,0.843322418,,Bespoke Tailored Tuxedo,3000,7000,120,40,0.04,365,0.4,6,28,15,5
7,negative,high,balanced,1.374912434,,Haute Couture Evening Gown,3500,8000,50,20,0.01,180,0.7,9,38,20,2
8,positive,low,high_supply_low_demand,1.06576651,,Artisanal Embroidered Jacket,2000,4500,150,50,0.03,365,0.6,5,22,8,6
9,positive,low,low_supply_high_demand,1.200085137,,Luxury Velvet Blazer,2800,6000,80,30,0.02,365,0.8,7,32,13,4
10,positive,medium,high_supply_low_demand,1.488488793,,Statement Sequin Dress,3500,7500,120,50,0.02,180,0.7,9,38,18,3
11,negative,low,balanced,0.801116199,,Handwoven Cashmere Scarf,1200,2500,180,60,0.01,365,0.8,5,22,8,12
12,neutral,high,balanced,0.901815098,,Modern Leather Blazer,2000,4200,140,70,0.03,365,0.7,8,35,10,14
13,negative,medium,low_supply_high_demand,1.345377696,,Ethnic Embroidered Dress,1800,3500,100,40,0.01,180,0.8,11,42,19,8
14,negative,medium,low_supply_high_demand,1.36358924,,Luxe Silk Kimono,2500,5500,120,60,0.02,365,0.6,9,38,18,10
15,positive,medium,low_supply_high_demand,1.338472983,,Timeless Wool Peacoat,1800,3800,80,30,0.01,365,0.9,12,45,18,6
16,neutral,medium,low_supply_high_demand,1.175899224,,Chic Linen Jumpsuit,1500,3200,110,55,0.02,180,0.5,10,40,14,12
17,neutral,low,low_supply_high_demand,1.485199887,,Leather Biker Jacket,2200,4800,100,50,0.03,365,0.7,8,35,10,15
18,neutral,medium,balanced,1.077329192,,Bohemian Maxi Skirt,1200,2500,130,65,0.02,365,0.8,7,32,13,10
19,neutral,high,low_supply_high_demand,1.221360589,,Classic Wool Blazer,2800,6000,90,40,0.02,365,0.7,9,38,18,5
20,positive,medium,low_supply_high_demand,0.844358303,,Floral Lace Evening Gown,3500,7500,150,70,0.01,180,0.8,11,42,19,4
21,neutral,low,low_supply_high_demand,1.086900215,,Vintage Wool Fedora,1800,3500,180,80,0.02,365,0.6,9,38,18,8
22,positive,high,low_supply_high_demand,1.305750061,,Chiffon Pleated Dress,2000,4200,100,40,0.03,180,0.7,8,35,10,12
23,positive,low,balanced,0.967117189,,Luxury Leather Handbag,2500,5500,120,60,0.02,365,0.5,10,40,14,14
24,neutral,low,balanced,1.460679312,,Embroidered Cashmere Sweater,1200,2500,90,45,0.01,365,0.9,12,45,18,6
25,negative,low,high_supply_low_demand,1.280748357,,Statement Fringe Jacket,1800,3800,100,50,0.02,365,0.8,11,42,19,10
26,positive,low,low_supply_high_demand,1.001302768,,Velvet Wrap Midi Dress,1500,3200,80,40,0.01,180,0.7,9,38,18,8
27,negative,medium,low_supply_high_demand,1.338299246,,Handwoven Silk Scarf,2800,6000,130,65,0.03,365,0.6,8,35,10,12
28,positive,low,balanced,0.85821534,,Luxury Cashmere Pullover,3500,7500,140,70,0.02,180,0.5,7,32,13,14
29,neutral,medium,balanced,1.482342096,,Silk Slip Maxi Dress,2000,4200,110,55,0.02,365,0.8,10,40,14,10
30,neutral,medium,balanced,0.834499681,,Leather Moto Boots,1800,3500,90,40,0.01,180,0.9,12,45,18,8
31,negative,low,low_supply_high_demand,1.453419124,,Tweed Blazer Dress,2500,5500,100,50,0.02,365,0.7,11,42,19,6
32,positive,high,high_supply_low_demand,0.976997714,,Boho Embroidered Kimono,3500,7500,80,30,0.01,180,0.8,9,38,18,10
33,neutral,low,high_supply_low_demand,1.330476875,,Plaid Wool Wrap Skirt,2800,6000,120,60,0.02,365,0.6,10,40,14,12
34,neutral,low,balanced,0.80005159,,Designer Silk Gown,1500,3500,150,80,0.01,180,0.8,14,50,21,5
35,neutral,medium,balanced,0.977968062,,Linen Wrap Jumpsuit,1800,3500,80,40,0.01,180,0.7,8,35,10,8
36,positive,medium,balanced,1.324370425,,Suede Ankle Boots,2500,5500,110,55,0.02,365,0.8,9,38,18,6
37,negative,medium,balanced,1.17263525,,Chic Lace Cocktail Dress,2800,6000,100,50,0.02,365,0.7,11,42,19,6
38,positive,medium,high_supply_low_demand,0.880466505,,Velvet Turtleneck Sweater,2000,4200,120,60,0.02,365,0.5,10,40,14,12
39,negative,low,high_supply_low_demand,1.075540822,,Classic Wool Trench Coat,3500,7500,140,70,0.02,180,0.6,8,35,10,14
40,negative,high,balanced,1.062884549,,Printed Satin Midi Skirt,1800,3500,90,45,0.03,180,0.7,9,38,18,8
41,positive,high,high_supply_low_demand,1.197713571,,Leather Crossbody Bag,2500,5500,80,40,0.01,365,0.8,10,40,14,10
42,negative,high,balanced,1.267583951,,Structured Blazer Dress,3000,6500,100,50,0.02,365,0.7,11,42,19,6
43,positive,high,high_supply_low_demand,1.38858117,,Embellished Velvet Clutch,1800,3800,120,60,0.02,365,0.8,9,38,18,8
44,positive,medium,low_supply_high_demand,1.148061978,,Ruffled Chiffon Maxi Dress,3500,7500,110,55,0.01,180,0.6,10,40,14,6
45,positive,low,low_supply_high_demand,1.074415202,,Leopard Print Ankle Boots,2500,5500,80,40,0.02,365,0.7,8,35,10,10
46,neutral,medium,high_supply_low_demand,0.900783574,,Chunky Knit Turtleneck Sweater,1800,3500,90,45,0.01,180,0.8,11,42,19,12
47,neutral,medium,balanced,1.363376075,,Structured Tote Bag,2800,6000,140,70,0.03,365,0.6,9,38,18,14
48,negative,low,high_supply_low_demand,1.299359284,,Sequin Mini Skirt,2000,4200,120,60,0.02,365,0.5,8,35,10,6
49,positive,low,balanced,1.086074178,,Printed Wrap Dress,3500,7500,100,50,0.01,180,0.7,10,40,14,8
50,positive,low,balanced,1.162902617,,Leather Platform Sandals,1800,3500,80,40,0.02,365,0.8,11,42,19,10
51,neutral,medium,balanced,1.265627991,,Classic Wool Pullover,2500,5500,110,55,0.02,365,0.7,9,38,18,6
52,positive,high,balanced,0.915363913,,Plaid Wool Blazer,2800,6000,90,45,0.01,180,0.6,10,40,14,8
53,neutral,medium,high_supply_low_demand,0.819038456,,Denim Shirt Dress,2000,4200,140,70,0.02,365,0.7,8,35,10,12
54,negative,medium,high_supply_low_demand,1.022252589,,Lace-Up Combat Boots,3500,7500,120,60,0.02,180,0.8,9,38,18,14
55,negative,low,low_supply_high_demand,1.216909514,,Floral Print Maxi Dress,1800,3500,110,55,0.03,180,0.5,10,40,14,6
56,positive,medium,balanced,1.140624264,,Quilted Leather Shoulder Bag,2500,5500,80,40,0.01,365,0.7,11,42,19,10
57,neutral,high,low_supply_high_demand,1.284788239,,Structured Midi Skirt,2800,6000,90,45,0.02,365,0.8,8,35,10,8
58,neutral,high,high_supply_low_demand,1.373782864,,Chunky Knit Cardigan,2000,4200,100,50,0.01,180,0.7,9,38,18,10
59,neutral,medium,high_supply_low_demand,1.141909727,,Animal Print Wrap Blouse,3500,7500,120,60,0.02,365,0.6,10,40,14,8
60,neutral,low,balanced,0.893986917,,Patent Leather Ankle Boots,1800,3500,80,40,0.02,365,0.8,11,42,19,12
61,negative,medium,high_supply_low_demand,1.3954396,,Embroidered Wool Beret,2500,5500,90,45,0.01,365,0.7,9,38,18,6
62,negative,high,balanced,1.202493229,,Sequin Shift Dress,2800,6000,110,55,0.02,365,0.5,10,40,14,10
63,negative,high,low_supply_high_demand,1.317956237,,Classic Trench Coat,2000,4200,120,60,0.03,180,0.7,8,35,10,12
64,positive,medium,balanced,1.293265258,,Ruffle Hem Mini Skirt,3500,7500,80,40,0.01,180,0.8,9,38,18,6
65,negative,high,high_supply_low_demand,1.47774824,,Leather Loafers,1800,3500,100,50,0.02,365,0.6,10,40,14,8
66,neutral,medium,high_supply_low_demand,1.006715126,,Floral Print Wrap Dress,2500,5500,120,60,0.02,365,0.7,11,42,19,12
67,positive,high,high_supply_low_demand,1.293714741,,Structured Crossbody Bag,2800,6000,90,45,0.01,180,0.8,10,40,14,10
68,neutral,low,low_supply_high_demand,1.055973433,,Textured Wool Pullover,2000,4200,110,55,0.02,365,0.7,8,35,10,8
69,negative,high,balanced,1.076787505,,Exquisite Wedding Dress,2500,6000,80,40,0.01,180,0.9,12,45,18,4
70,positive,medium,low_supply_high_demand,0.961416246,,Classic Leather Chelsea Boots,1800,3500,90,45,0.01,365,0.8,11,42,19,12
71,positive,medium,high_supply_low_demand,1.040807123,,Printed Wool Wrap Skirt,2500,5500,110,55,0.02,365,0.7,9,38,18,6
72,negative,low,balanced,1.463807726,,Chic Knit Turtleneck Sweater,2800,6000,100,50,0.02,365,0.7,11,42,19,6
73,positive,high,low_supply_high_demand,1.004799593,,Silk Button-Up Blouse,2000,4200,120,60,0.02,365,0.5,10,40,14,12
74,positive,medium,balanced,0.972193424,,Structured Wool Peacoat,3500,7500,140,70,0.02,180,0.6,8,35,10,14
75,positive,high,high_supply_low_demand,1.208196585,,Striped Linen Midi Dress,1800,3500,90,45,0.03,180,0.7,9,38,18,8
76,positive,low,low_supply_high_demand,0.98062517,,Leather Hobo Bag,2500,5500,80,40,0.01,365,0.8,10,40,14,10
77,positive,medium,balanced,1.131370008,,Plaid Wool Shift Dress,2800,6000,110,55,0.02,365,0.7,11,42,19,6
78,positive,low,balanced,1.38392338,,Embellished Velvet Sandals,1800,3800,120,60,0.02,365,0.8,9,38,18,8
79,negative,medium,high_supply_low_demand,0.96128022,,Chunky Knit Turtleneck Sweater,3500,7500,110,55,0.01,180,0.6,10,40,14,6
80,positive,high,high_supply_low_demand,1.098683989,,Suede Fringe Jacket,2500,5500,80,40,0.02,365,0.7,8,35,10,10
81,negative,medium,high_supply_low_demand,1.227342815,,Floral Print A-Line Skirt,1800,3500,90,45,0.01,180,0.8,11,42,19,12
82,neutral,low,low_supply_high_demand,1.181940247,,Leather Crossbody Clutch,2800,6000,140,70,0.02,365,0.8,9,38,18,14
83,neutral,medium,low_supply_high_demand,1.482306266,,Sequin Mini Dress,2000,4200,120,60,0.02,365,0.5,8,35,10,6
84,neutral,low,balanced,1.276259178,,Printed Wrap Maxi Dress,3500,7500,100,50,0.01,180,0.7,10,40,14,8
85,positive,medium,balanced,1.317962369,,Leather Lace-Up Boots,1800,3500,80,40,0.02,365,0.8,11,42,19,10
86,neutral,low,low_supply_high_demand,1.476869164,,Classic Wool Pullover,2500,5500,110,55,0.02,365,0.7,9,38,18,6
87,neutral,high,balanced,1.090106618,,Plaid Wool Blazer,2800,6000,90,45,0.01,180,0.6,10,40,14,8
88,neutral,medium,low_supply_high_demand,1.048765871,,Denim Shirt Dress,2000,4200,140,70,0.02,365,0.7,8,35,10,12
89,positive,high,balanced,0.830703701,,Lace-Up Combat Boots,3500,7500,120,60,0.02,180,0.8,9,38,18,14
90,neutral,medium,low_supply_high_demand,0.928943015,,Floral Print Maxi Dress,1800,3500,110,55,0.03,180,0.5,10,40,14,6
91,negative,medium,balanced,0.966032742,,Quilted Leather Shoulder Bag,2500,5500,80,40,0.01,365,0.7,11,42,19,10
92,positive,high,balanced,0.928453127,,Structured Midi Skirt,2800,6000,90,45,0.02,365,0.8,8,35,10,8
93,neutral,low,low_supply_high_demand,1.328348725,,Chunky Knit Cardigan,2000,4200,100,50,0.01,180,0.7,9,38,18,10
94,negative,high,high_supply_low_demand,1.175118087,,Artisanal Embroidered Jacket,2000,4500,150,50,0.03,365,0.6,5,22,8,6
95,positive,high,low_supply_high_demand,1.267343661,,Patent Leather Ankle Boots,1800,3500,80,40,0.02,365,0.8,11,42,19,12
96,negative,medium,low_supply_high_demand,1.374323513,,Embroidered Wool Beret,2500,5500,90,45,0.01,365,0.7,9,38,18,6
97,positive,low,high_supply_low_demand,0.961541759,,Sequin Shift Dress,2800,6000,110,55,0.02,365,0.5,10,40,14,10
98,neutral,low,balanced,1.028146758,,Classic Trench Coat,2000,4200,120,60,0.03,180,0.7,8,35,10,12
99,negative,high,high_supply_low_demand,1.295852187,,Ruffle Hem Mini Skirt,3500,7500,80,40,0.01,180,0.8,9,38,18,6
100,negative,high,high_supply_low_demand,1.074931262,,Leather Loafers,1800,3500,100,50,0.02,365,0.6,10,40,14,8
101,neutral,low,high_supply_low_demand,0.820489658,,Floral Print Wrap Dress,2500,5500,120,60,0.02,365,0.7,11,42,19,12
102,positive,high,balanced,1.104468653,,Structured Crossbody Bag,2800,6000,90,45,0.01,180,0.8,10,40,14,10
103,neutral,medium,low_supply_high_demand,1.43579116,,Textured Wool Pullover,2000,4200,110,55,0.02,365,0.7,8,35,10,8
104,neutral,medium,high_supply_low_demand,1.086315058,,Lace Trim Midi Dress,3500,7500,80,40,0.02,180,0.6,10,40,14,6
105,positive,high,balanced,1.032574242,,Classic Leather Chelsea Boots,1800,3500,90,45,0.01,365,0.8,11,42,19,12
106,negative,medium,balanced,1.492667558,,Printed Wool Wrap Skirt,2500,5500,110,55,0.02,365,0.7,9,38,18,6
107,negative,low,low_supply_high_demand,1.251090895,,Chic Knit Turtleneck Sweater,2800,6000,100,50,0.02,365,0.7,11,42,19,6
108,negative,high,low_supply_high_demand,1.056198619,,Silk Button-Up Blouse,2000,4200,120,60,0.02,365,0.5,10,40,14,12
109,negative,medium,high_supply_low_demand,0.871413672,,Structured Wool Peacoat,3500,7500,140,70,0.02,180,0.6,8,35,10,14
110,neutral,high,balanced,1.351494611,,Striped Linen Midi Dress,1800,3500,90,45,0.03,180,0.7,9,38,18,8
111,negative,low,low_supply_high_demand,1.295652453,,Leather Hobo Bag,2500,5500,80,40,0.01,365,0.8,10,40,14,10
112,negative,medium,high_supply_low_demand,1.445341059,,Plaid Wool Shift Dress,2800,6000,110,55,0.02,365,0.7,11,42,19,6
113,negative,low,balanced,0.952092941,,Embellished Velvet Sandals,1800,3800,120,60,0.02,365,0.8,9,38,18,8
114,negative,high,balanced,0.880447045,,Chunky Knit Turtleneck Sweater,3500,7500,110,55,0.01,180,0.6,10,40,14,6
115,negative,high,low_supply_high_demand,1.306850768,,Suede Fringe Jacket,2500,5500,80,40,0.02,365,0.7,8,35,10,10
116,positive,medium,balanced,0.942377089,,Floral Print A-Line Skirt,1800,3500,90,45,0.01,180,0.8,11,42,19,12
117,neutral,low,balanced,0.923272686,,Leather Crossbody Clutch,2800,6000,140,70,0.02,365,0.8,9,38,18,14
118,negative,high,low_supply_high_demand,1.023865135,,Sequin Mini Dress,2000,4200,120,60,0.02,365,0.5,8,35,10,6
119,negative,low,balanced,1.371777599,,Printed Wrap Maxi Dress,3500,7500,100,50,0.01,180,0.7,10,40,14,8
120,neutral,low,balanced,1.177675624,,Leather Lace-Up Boots,1800,3500,80,40,0.02,365,0.8,11,42,19,10
121,negative,medium,high_supply_low_demand,0.832095249,,Classic Wool Pullover,2500,5500,110,55,0.02,365,0.7,9,38,18,6
122,neutral,low,balanced,1.124726272,,Plaid Wool Blazer,2800,6000,90,45,0.01,180,0.6,10,40,14,8
123,positive,high,low_supply_high_demand,1.278785728,,Denim Shirt Dress,2000,4200,140,70,0.02,365,0.7,8,35,10,12
124,negative,high,balanced,1.176857907,,Lace-Up Combat Boots,3500,7500,120,60,0.02,180,0.8,9,38,18,14
125,negative,medium,low_supply_high_demand,1.200715153,,Floral Print Maxi Dress,1800,3500,110,55,0.03,180,0.5,10,40,14,6
126,positive,low,low_supply_high_demand,0.95734413,,Quilted Leather Shoulder Bag,2500,5500,80,40,0.01,365,0.7,11,42,19,10
127,negative,high,balanced,1.393417532,,,,,,,,,,,,,
128,positive,high,low_supply_high_demand,1.192979102,,,,,,,,,,,,,
129,positive,medium,high_supply_low_demand,1.299272209,,,,,,,,,,,,,
130,negative,low,low_supply_high_demand,1.487304952,,,,,,,,,,,,,
131,positive,low,high_supply_low_demand,1.09973906,,,,,,,,,,,,,
132,negative,low,low_supply_high_demand,1.416746629,,,,,,,,,,,,,
133,negative,high,balanced,0.80509671,,,,,,,,,,,,,
134,negative,high,low_supply_high_demand,0.823385105,,,,,,,,,,,,,
135,positive,medium,low_supply_high_demand,1.213195945,,,,,,,,,,,,,
136,positive,high,low_supply_high_demand,1.018014577,,,,,,,,,,,,,
137,positive,medium,high_supply_low_demand,0.973793597,,,,,,,,,,,,,
138,neutral,medium,high_supply_low_demand,0.99455475,,,,,,,,,,,,,
139,negative,low,high_supply_low_demand,1.022882054,,,,,,,,,,,,,
140,positive,medium,high_supply_low_demand,1.310263387,,,,,,,,,,,,,
141,neutral,low,high_supply_low_demand,1.198437181,,,,,,,,,,,,,
142,negative,low,balanced,1.352325181,,,,,,,,,,,,,
143,negative,high,low_supply_high_demand,1.381137606,,,,,,,,,,,,,
144,negative,high,low_supply_high_demand,1.390054402,,,,,,,,,,,,,
145,neutral,medium,balanced,1.090250904,,,,,,,,,,,,,
146,positive,medium,balanced,1.094891377,,,,,,,,,,,,,
147,positive,medium,balanced,1.448386116,,,,,,,,,,,,,
148,positive,medium,balanced,1.263234516,,,,,,,,,,,,,
149,positive,high,high_supply_low_demand,0.856327029,,,,,,,,,,,,,
150,negative,medium,low_supply_high_demand,1.179530868,,,,,,,,,,,,,
151,negative,low,balanced,1.049205082,,,,,,,,,,,,,
152,positive,high,balanced,1.491204493,,,,,,,,,,,,,
153,positive,low,low_supply_high_demand,0.809558785,,,,,,,,,,,,,
154,positive,medium,balanced,1.228526611,,,,,,,,,,,,,
155,neutral,high,high_supply_low_demand,1.306536166,,,,,,,,,,,,,
156,negative,low,high_supply_low_demand,1.00223474,,,,,,,,,,,,,
157,positive,high,high_supply_low_demand,1.481549063,,,,,,,,,,,,,
158,positive,low,balanced,1.401675639,,,,,,,,,,,,,
159,neutral,high,low_supply_high_demand,1.440956989,,,,,,,,,,,,,
160,positive,low,balanced,0.813462442,,,,,,,,,,,,,
161,negative,low,low_supply_high_demand,1.198910506,,,,,,,,,,,,,
162,neutral,low,high_supply_low_demand,1.006255169,,,,,,,,,,,,,
163,neutral,high,high_supply_low_demand,1.394320044,,,,,,,,,,,,,
164,neutral,low,low_supply_high_demand,1.24299476,,,,,,,,,,,,,
165,positive,low,balanced,1.177213903,,,,,,,,,,,,,
166,positive,medium,balanced,0.880211719,,,,,,,,,,,,,
167,positive,low,balanced,1.178155963,,,,,,,,,,,,,
168,neutral,medium,high_supply_low_demand,1.242332902,,,,,,,,,,,,,
169,neutral,high,balanced,1.469138617,,,,,,,,,,,,,
170,negative,low,low_supply_high_demand,1.209535707,,,,,,,,,,,,,
171,neutral,high,balanced,1.477180421,,,,,,,,,,,,,
172,positive,medium,balanced,1.473124281,,,,,,,,,,,,,
173,positive,medium,low_supply_high_demand,1.255140235,,,,,,,,,,,,,
174,neutral,high,low_supply_high_demand,1.154135589,,,,,,,,,,,,,
175,negative,low,high_supply_low_demand,1.126215221,,,,,,,,,,,,,
176,neutral,high,high_supply_low_demand,1.423264993,,,,,,,,,,,,,
177,neutral,medium,balanced,0.819779678,,,,,,,,,,,,,
178,neutral,medium,balanced,0.879665739,,,,,,,,,,,,,
179,positive,low,high_supply_low_demand,0.87145021,,,,,,,,,,,,,
180,positive,medium,balanced,1.329854728,,,,,,,,,,,,,
181,positive,low,balanced,1.037755717,,,,,,,,,,,,,
182,neutral,low,low_supply_high_demand,1.246577981,,,,,,,,,,,,,
183,negative,low,balanced,1.222648033,,,,,,,,,,,,,
184,neutral,medium,low_supply_high_demand,1.070079579,,,,,,,,,,,,,
185,neutral,high,high_supply_low_demand,1.172097406,,,,,,,,,,,,,
186,positive,high,balanced,1.251596974,,,,,,,,,,,,,
187,positive,medium,low_supply_high_demand,1.458665231,,,,,,,,,,,,,
188,neutral,high,low_supply_high_demand,1.202943851,,,,,,,,,,,,,
189,negative,high,low_supply_high_demand,1.230057258,,,,,,,,,,,,,
190,positive,medium,low_supply_high_demand,0.847499072,,,,,,,,,,,,,
191,negative,high,balanced,1.46655107,,,,,,,,,,,,,
192,negative,medium,high_supply_low_demand,1.16965735,,,,,,,,,,,,,
193,neutral,low,low_supply_high_demand,1.360891394,,,,,,,,,,,,,
194,neutral,low,high_supply_low_demand,0.835203744,,,,,,,,,,,,,
195,neutral,high,low_supply_high_demand,1.094637095,,,,,,,,,,,,,
196,negative,medium,low_supply_high_demand,0.979882821,,,,,,,,,,,,,
197,positive,low,low_supply_high_demand,0.986883129,,,,,,,,,,,,,
198,positive,medium,high_supply_low_demand,1.354017611,,,,,,,,,,,,,
199,neutral,medium,high_supply_low_demand,1.236706708,,,,,,,,,,,,,
200,positive,medium,high_supply_low_demand,1.107821718,,,,,,,,,,,,,
201,negative,high,balanced,0.807410018,,,,,,,,,,,,,
202,negative,low,high_supply_low_demand,1.47544956,,,,,,,,,,,,,
203,positive,high,balanced,1.473416277,,,,,,,,,,,,,
204,negative,medium,balanced,0.952286547,,,,,,,,,,,,,
205,negative,low,high_supply_low_demand,0.828942461,,,,,,,,,,,,,
206,negative,high,low_supply_high_demand,1.171139554,,,,,,,,,,,,,
207,neutral,low,low_supply_high_demand,1.46598757,,,,,,,,,,,,,
208,neutral,high,balanced,1.437277092,,,,,,,,,,,,,
209,positive,medium,low_supply_high_demand,1.209264005,,,,,,,,,,,,,
210,positive,low,low_supply_high_demand,1.012484195,,,,,,,,,,,,,
211,positive,medium,balanced,1.030972619,,,,,,,,,,,,,
212,negative,medium,high_supply_low_demand,1.428539486,,,,,,,,,,,,,
213,negative,low,balanced,1.144248825,,,,,,,,,,,,,
214,neutral,low,high_supply_low_demand,0.89178136,,,,,,,,,,,,,
215,neutral,high,high_supply_low_demand,0.973897833,,,,,,,,,,,,,
216,positive,high,balanced,0.993756431,,,,,,,,,,,,,
217,positive,medium,low_supply_high_demand,0.886482679,,,,,,,,,,,,,
218,negative,high,high_supply_low_demand,1.124131067,,,,,,,,,,,,,
219,neutral,low,balanced,1.441235636,,,,,,,,,,,,,
220,neutral,low,balanced,1.26814778,,,,,,,,,,,,,
221,negative,low,balanced,0.850731747,,,,,,,,,,,,,
222,positive,medium,high_supply_low_demand,0.803846372,,,,,,,,,,,,,
223,neutral,high,low_supply_high_demand,0.993373367,,,,,,,,,,,,,
224,neutral,high,low_supply_high_demand,1.053885054,,,,,,,,,,,,,
225,neutral,high,balanced,1.343724768,,,,,,,,,,,,,
226,neutral,high,high_supply_low_demand,1.476903867,,,,,,,,,,,,,
227,neutral,high,low_supply_high_demand,1.071297021,,,,,,,,,,,,,
228,negative,high,balanced,1.280683021,,,,,,,,,,,,,
229,negative,high,low_supply_high_demand,1.496431335,,,,,,,,,,,,,
230,negative,medium,low_supply_high_demand,1.321966609,,,,,,,,,,,,,
231,positive,high,high_supply_low_demand,1.245332684,,,,,,,,,,,,,
232,neutral,high,balanced,0.854652398,,,,,,,,,,,,,
233,negative,high,low_supply_high_demand,1.026250641,,,,,,,,,,,,,
234,neutral,medium,low_supply_high_demand,1.439374511,,,,,,,,,,,,,
235,neutral,high,high_supply_low_demand,0.940703837,,,,,,,,,,,,,
236,neutral,medium,high_supply_low_demand,1.390513251,,,,,,,,,,,,,
237,neutral,medium,low_supply_high_demand,1.28742658,,,,,,,,,,,,,
238,positive,medium,high_supply_low_demand,1.05642706,,,,,,,,,,,,,
239,negative,low,high_supply_low_demand,1.170421989,,,,,,,,,,,,,
240,negative,high,balanced,1.179964528,,,,,,,,,,,,,
241,positive,low,balanced,1.29983765,,,,,,,,,,,,,
242,neutral,high,low_supply_high_demand,1.161589159,,,,,,,,,,,,,
243,neutral,medium,low_supply_high_demand,0.893153193,,,,,,,,,,,,,
244,positive,medium,low_supply_high_demand,1.34141827,,,,,,,,,,,,,
245,positive,high,high_supply_low_demand,1.084390748,,,,,,,,,,,,,
246,positive,high,balanced,1.474165723,,,,,,,,,,,,,
247,negative,medium,low_supply_high_demand,0.998459648,,,,,,,,,,,,,
248,neutral,high,balanced,0.984155146,,,,,,,,,,,,,
249,negative,high,high_supply_low_demand,1.033455177,,,,,,,,,,,,,
250,neutral,low,balanced,1.200621911,,,,,,,,,,,,,
251,negative,medium,high_supply_low_demand,1.426408818,,,,,,,,,,,,,
252,positive,low,low_supply_high_demand,0.923397148,,,,,,,,,,,,,
253,negative,medium,high_supply_low_demand,0.995775158,,,,,,,,,,,,,
254,positive,low,high_supply_low_demand,1.20717589,,,,,,,,,,,,,
255,neutral,high,high_supply_low_demand,1.11803397,,,,,,,,,,,,,
256,neutral,high,high_supply_low_demand,1.113126021,,,,,,,,,,,,,
257,neutral,medium,low_supply_high_demand,1.374513983,,,,,,,,,,,,,
258,positive,medium,balanced,1.446714812,,,,,,,,,,,,,
259,positive,medium,low_supply_high_demand,1.136914876,,,,,,,,,,,,,
260,positive,low,low_supply_high_demand,1.281146257,,,,,,,,,,,,,
261,positive,medium,high_supply_low_demand,1.360741098,,,,,,,,,,,,,
262,positive,high,low_supply_high_demand,1.162856487,,,,,,,,,,,,,
263,positive,medium,high_supply_low_demand,1.006021486,,,,,,,,,,,,,
264,neutral,high,balanced,1.246659218,,,,,,,,,,,,,
265,positive,low,high_supply_low_demand,1.20957637,,,,,,,,,,,,,
266,negative,high,balanced,1.431093974,,,,,,,,,,,,,
267,negative,high,low_supply_high_demand,0.836684926,,,,,,,,,,,,,
268,neutral,low,high_supply_low_demand,1.437091971,,,,,,,,,,,,,
269,neutral,high,balanced,1.17410242,,,,,,,,,,,,,
270,neutral,low,low_supply_high_demand,0.810973281,,,,,,,,,,,,,
271,negative,low,balanced,1.041291525,,,,,,,,,,,,,
272,neutral,low,high_supply_low_demand,1.307033495,,,,,,,,,,,,,
273,neutral,high,balanced,1.141903162,,,,,,,,,,,,,
274,positive,low,balanced,1.486111326,,,,,,,,,,,,,
275,neutral,medium,balanced,1.095827052,,,,,,,,,,,,,
276,negative,high,low_supply_high_demand,1.028644661,,,,,,,,,,,,,
277,neutral,high,balanced,1.375170354,,,,,,,,,,,,,
278,neutral,medium,balanced,1.18353469,,,,,,,,,,,,,
279,positive,medium,balanced,1.277628605,,,,,,,,,,,,,
280,positive,medium,balanced,1.363991637,,,,,,,,,,,,,
281,neutral,medium,high_supply_low_demand,1.269999282,,,,,,,,,,,,,
282,neutral,low,high_supply_low_demand,1.095685246,,,,,,,,,,,,,
283,negative,high,low_supply_high_demand,0.887357514,,,,,,,,,,,,,
284,neutral,high,balanced,1.206173717,,,,,,,,,,,,,
285,negative,medium,low_supply_high_demand,1.428203329,,,,,,,,,,,,,
286,negative,low,balanced,1.093224699,,,,,,,,,,,,,
287,neutral,low,high_supply_low_demand,1.437507664,,,,,,,,,,,,,
288,negative,medium,balanced,1.152469474,,,,,,,,,,,,,
289,negative,medium,low_supply_high_demand,1.234589094,,,,,,,,,,,,,
290,positive,medium,balanced,1.383091933,,,,,,,,,,,,,
291,neutral,medium,high_supply_low_demand,1.195217977,,,,,,,,,,,,,
292,neutral,low,low_supply_high_demand,0.863678538,,,,,,,,,,,,,
293,neutral,high,balanced,1.486685581,,,,,,,,,,,,,
294,negative,low,high_supply_low_demand,0.972094511,,,,,,,,,,,,,
295,neutral,high,balanced,1.29735373,,,,,,,,,,,,,
296,neutral,high,high_supply_low_demand,1.153579407,,,,,,,,,,,,,
297,neutral,high,low_supply_high_demand,1.135140846,,,,,,,,,,,,,
298,negative,low,low_supply_high_demand,0.970758573,,,,,,,,,,,,,
299,positive,medium,balanced,1.305505536,,,,,,,,,,,,,
300,neutral,medium,high_supply_low_demand,0.878951785,,,,,,,,,,,,,
301,positive,low,low_supply_high_demand,1.493317317,,,,,,,,,,,,,
302,neutral,low,balanced,1.391761476,,,,,,,,,,,,,
303,neutral,high,balanced,1.174156258,,,,,,,,,,,,,
304,negative,low,balanced,1.097187069,,,,,,,,,,,,,
305,positive,high,high_supply_low_demand,1.000525243,,,,,,,,,,,,,
306,negative,low,balanced,1.15111403,,,,,,,,,,,,,
307,positive,medium,high_supply_low_demand,1.415592223,,,,,,,,,,,,,
308,negative,medium,balanced,0.99250448,,,,,,,,,,,,,
309,positive,medium,high_supply_low_demand,1.150376221,,,,,,,,,,,,,
310,negative,low,balanced,0.964184931,,,,,,,,,,,,,
311,positive,high,balanced,1.03600438,,,,,,,,,,,,,
312,positive,medium,high_supply_low_demand,0.933182356,,,,,,,,,,,,,
313,positive,high,low_supply_high_demand,1.493377436,,,,,,,,,,,,,
314,positive,medium,low_supply_high_demand,1.200048213,,,,,,,,,,,,,
315,neutral,high,low_supply_high_demand,1.312970587,,,,,,,,,,,,,
316,negative,low,high_supply_low_demand,0.868774939,,,,,,,,,,,,,
317,positive,low,low_supply_high_demand,1.056282285,,,,,,,,,,,,,
318,positive,high,balanced,1.424847862,,,,,,,,,,,,,
319,neutral,low,high_supply_low_demand,0.859106828,,,,,,,,,,,,,
320,negative,high,low_supply_high_demand,0.91583826,,,,,,,,,,,,,
321,neutral,low,balanced,1.237792327,,,,,,,,,,,,,
322,positive,low,balanced,1.235952296,,,,,,,,,,,,,
323,positive,high,high_supply_low_demand,1.386758931,,,,,,,,,,,,,
324,positive,medium,low_supply_high_demand,1.454844935,,,,,,,,,,,,,
325,positive,medium,balanced,0.899390533,,,,,,,,,,,,,
326,positive,medium,low_supply_high_demand,0.981561673,,,,,,,,,,,,,
327,neutral,high,balanced,1.099222984,,,,,,,,,,,,,
328,positive,medium,balanced,0.8006323,,,,,,,,,,,,,
329,negative,low,high_supply_low_demand,0.848870012,,,,,,,,,,,,,
330,negative,medium,low_supply_high_demand,0.958543895,,,,,,,,,,,,,
331,negative,low,balanced,1.136771375,,,,,,,,,,,,,
332,positive,medium,low_supply_high_demand,0.976065917,,,,,,,,,,,,,
333,positive,medium,low_supply_high_demand,1.413677325,,,,,,,,,,,,,
334,negative,high,low_supply_high_demand,1.026991013,,,,,,,,,,,,,
335,positive,low,high_supply_low_demand,1.447235968,,,,,,,,,,,,,
336,negative,low,balanced,1.482351083,,,,,,,,,,,,,
337,negative,low,low_supply_high_demand,1.114903074,,,,,,,,,,,,,
338,positive,medium,high_supply_low_demand,0.958990172,,,,,,,,,,,,,
339,neutral,medium,low_supply_high_demand,1.004166293,,,,,,,,,,,,,
340,neutral,high,high_supply_low_demand,1.343433577,,,,,,,,,,,,,
341,neutral,high,low_supply_high_demand,0.991344795,,,,,,,,,,,,,
342,positive,high,low_supply_high_demand,1.066408008,,,,,,,,,,,,,
343,positive,medium,low_supply_high_demand,1.135003101,,,,,,,,,,,,,
344,neutral,high,high_supply_low_demand,1.202577782,,,,,,,,,,,,,
345,positive,low,high_supply_low_demand,1.497270308,,,,,,,,,,,,,
346,positive,high,balanced,0.962546829,,,,,,,,,,,,,
347,neutral,medium,balanced,1.047396592,,,,,,,,,,,,,
348,negative,high,high_supply_low_demand,0.984023824,,,,,,,,,,,,,
349,negative,low,balanced,1.052779406,,,,,,,,,,,,,
350,positive,low,high_supply_low_demand,0.870563162,,,,,,,,,,,,,
351,negative,low,high_supply_low_demand,1.051866837,,,,,,,,,,,,,
352,neutral,medium,high_supply_low_demand,1.421505522,,,,,,,,,,,,,
353,neutral,low,balanced,1.009012893,,,,,,,,,,,,,
354,negative,high,low_supply_high_demand,1.060354346,,,,,,,,,,,,,
355,neutral,high,balanced,1.461131915,,,,,,,,,,,,,
356,negative,low,low_supply_high_demand,1.309865297,,,,,,,,,,,,,
357,negative,medium,balanced,1.1617171,,,,,,,,,,,,,
358,neutral,low,low_supply_high_demand,1.34403491,,,,,,,,,,,,,
359,negative,high,low_supply_high_demand,0.886225754,,,,,,,,,,,,,
360,positive,high,high_supply_low_demand,1.125143247,,,,,,,,,,,,,
361,positive,low,balanced,0.88276529,,,,,,,,,,,,,
362,negative,medium,low_supply_high_demand,0.963532702,,,,,,,,,,,,,
363,neutral,high,balanced,0.899307082,,,,,,,,,,,,,
364,neutral,medium,high_supply_low_demand,1.053260867,,,,,,,,,,,,,
365,negative,low,high_supply_low_demand,1.067147524,,,,,,,,,,,,,
366,negative,high,low_supply_high_demand,1.463116007,,,,,,,,,,,,,
367,neutral,high,high_supply_low_demand,0.984888012,,,,,,,,,,,,,
368,positive,high,balanced,1.130700192,,,,,,,,,,,,,
369,negative,high,high_supply_low_demand,1.367965583,,,,,,,,,,,,,
370,positive,high,high_supply_low_demand,1.370932311,,,,,,,,,,,,,
371,negative,high,high_supply_low_demand,1.325240231,,,,,,,,,,,,,
372,positive,low,high_supply_low_demand,1.001483633,,,,,,,,,,,,,
373,negative,high,balanced,1.146480134,,,,,,,,,,,,,
374,neutral,high,balanced,0.930348117,,,,,,,,,,,,,
375,negative,low,low_supply_high_demand,0.931879666,,,,,,,,,,,,,
376,neutral,high,high_supply_low_demand,1.105088849,,,,,,,,,,,,,
377,positive,high,low_supply_high_demand,1.317014555,,,,,,,,,,,,,
378,neutral,low,low_supply_high_demand,1.168608982,,,,,,,,,,,,,
379,neutral,high,balanced,1.420678255,,,,,,,,,,,,,
380,negative,high,high_supply_low_demand,1.381636158,,,,,,,,,,,,,
381,negative,low,high_supply_low_demand,0.82212381,,,,,,,,,,,,,
382,positive,high,balanced,1.19789333,,,,,,,,,,,,,
383,neutral,low,balanced,1.226412885,,,,,,,,,,,,,
384,positive,high,balanced,1.473102601,,,,,,,,,,,,,
385,positive,high,high_supply_low_demand,0.816265639,,,,,,,,,,,,,
386,positive,low,low_supply_high_demand,1.17177264,,,,,,,,,,,,,
387,negative,medium,low_supply_high_demand,0.943346953,,,,,,,,,,,,,
388,positive,low,high_supply_low_demand,0.837564034,,,,,,,,,,,,,
389,neutral,medium,low_supply_high_demand,1.211241967,,,,,,,,,,,,,
390,positive,medium,high_supply_low_demand,1.340822901,,,,,,,,,,,,,
391,negative,high,high_supply_low_demand,1.342405814,,,,,,,,,,,,,
392,neutral,low,balanced,0.821201887,,,,,,,,,,,,,
393,positive,medium,high_supply_low_demand,1.08486248,,,,,,,,,,,,,
394,neutral,medium,balanced,0.831156739,,,,,,,,,,,,,
395,negative,medium,balanced,0.973487053,,,,,,,,,,,,,
396,positive,medium,low_supply_high_demand,0.935016492,,,,,,,,,,,,,
397,positive,low,balanced,0.950627805,,,,,,,,,,,,,
398,positive,high,low_supply_high_demand,1.03738289,,,,,,,,,,,,,
399,negative,high,high_supply_low_demand,0.994192629,,,,,,,,,,,,,
400,neutral,medium,low_supply_high_demand,1.473595938,,,,,,,,,,,,,
401,positive,high,low_supply_high_demand,1.046684984,,,,,,,,,,,,,
402,positive,medium,low_supply_high_demand,1.425920761,,,,,,,,,,,,,
403,positive,high,high_supply_low_demand,0.92672917,,,,,,,,,,,,,
404,positive,high,high_supply_low_demand,1.334622807,,,,,,,,,,,,,
405,neutral,low,balanced,0.842941875,,,,,,,,,,,,,
406,negative,medium,high_supply_low_demand,1.123932861,,,,,,,,,,,,,
407,negative,low,balanced,0.803857308,,,,,,,,,,,,,
408,neutral,high,high_supply_low_demand,1.367203534,,,,,,,,,,,,,
409,positive,medium,low_supply_high_demand,1.465340225,,,,,,,,,,,,,
410,neutral,medium,balanced,0.82457516,,,,,,,,,,,,,
411,neutral,medium,high_supply_low_demand,1.453692453,,,,,,,,,,,,,
412,neutral,medium,high_supply_low_demand,1.341697724,,,,,,,,,,,,,
413,neutral,medium,high_supply_low_demand,1.051203105,,,,,,,,,,,,,
414,neutral,medium,low_supply_high_demand,1.436213586,,,,,,,,,,,,,
415,neutral,high,balanced,1.00738009,,,,,,,,,,,,,
416,negative,medium,balanced,1.086506719,,,,,,,,,,,,,
417,negative,high,balanced,0.867697884,,,,,,,,,,,,,
418,neutral,low,high_supply_low_demand,1.259857273,,,,,,,,,,,,,
419,neutral,high,balanced,0.82072058,,,,,,,,,,,,,
420,neutral,low,balanced,1.139433693,,,,,,,,,,,,,
421,negative,medium,high_supply_low_demand,1.278234295,,,,,,,,,,,,,
422,positive,high,high_supply_low_demand,1.374866321,,,,,,,,,,,,,
423,positive,high,high_supply_low_demand,0.904958973,,,,,,,,,,,,,
424,positive,high,high_supply_low_demand,1.327863256,,,,,,,,,,,,,
425,neutral,low,low_supply_high_demand,1.303353916,,,,,,,,,,,,,
426,positive,medium,low_supply_high_demand,1.191699374,,,,,,,,,,,,,
427,neutral,high,balanced,1.209251218,,,,,,,,,,,,,
428,positive,low,low_supply_high_demand,0.863889505,,,,,,,,,,,,,
429,negative,high,high_supply_low_demand,1.22032973,,,,,,,,,,,,,
430,negative,high,low_supply_high_demand,1.067065545,,,,,,,,,,,,,
431,neutral,high,high_supply_low_demand,1.407306596,,,,,,,,,,,,,
432,positive,high,low_supply_high_demand,1.019169217,,,,,,,,,,,,,
433,positive,low,high_supply_low_demand,1.203616554,,,,,,,,,,,,,
434,positive,medium,balanced,1.09859998,,,,,,,,,,,,,
435,positive,medium,balanced,1.413383357,,,,,,,,,,,,,
436,positive,high,low_supply_high_demand,0.977741667,,,,,,,,,,,,,
437,negative,low,high_supply_low_demand,0.855161652,,,,,,,,,,,,,
438,neutral,medium,balanced,1.324059005,,,,,,,,,,,,,
439,positive,medium,high_supply_low_demand,1.089027632,,,,,,,,,,,,,
440,negative,high,low_supply_high_demand,1.212368851,,,,,,,,,,,,,
441,positive,high,high_supply_low_demand,0.818472532,,,,,,,,,,,,,
442,negative,low,high_supply_low_demand,1.466476854,,,,,,,,,,,,,
443,neutral,medium,low_supply_high_demand,1.414332864,,,,,,,,,,,,,
444,positive,high,balanced,1.23670753,,,,,,,,,,,,,
445,positive,low,low_supply_high_demand,0.811920889,,,,,,,,,,,,,
446,negative,low,high_supply_low_demand,1.064583532,,,,,,,,,,,,,
447,neutral,low,low_supply_high_demand,1.485157576,,,,,,,,,,,,,
448,negative,medium,low_supply_high_demand,1.276931251,,,,,,,,,,,,,
449,negative,medium,high_supply_low_demand,0.912691503,,,,,,,,,,,,,
450,neutral,medium,low_supply_high_demand,1.122417724,,,,,,,,,,,,,
451,positive,low,balanced,1.476716421,,,,,,,,,,,,,
452,positive,low,balanced,1.174295722,,,,,,,,,,,,,
453,negative,high,low_supply_high_demand,0.81723017,,,,,,,,,,,,,
454,neutral,high,high_supply_low_demand,1.233840459,,,,,,,,,,,,,
455,neutral,medium,low_supply_high_demand,0.989851572,,,,,,,,,,,,,
456,positive,medium,low_supply_high_demand,0.869192166,,,,,,,,,,,,,
457,positive,high,balanced,1.082035911,,,,,,,,,,,,,
458,negative,medium,balanced,1.190966168,,,,,,,,,,,,,
459,positive,high,high_supply_low_demand,0.811928503,,,,,,,,,,,,,
460,neutral,high,high_supply_low_demand,1.191332766,,,,,,,,,,,,,
461,negative,high,high_supply_low_demand,1.157842203,,,,,,,,,,,,,
462,negative,low,low_supply_high_demand,1.355735868,,,,,,,,,,,,,
463,neutral,medium,low_supply_high_demand,1.096484872,,,,,,,,,,,,,
464,positive,low,low_supply_high_demand,1.187415301,,,,,,,,,,,,,
465,positive,medium,low_supply_high_demand,1.319406513,,,,,,,,,,,,,
466,neutral,low,high_supply_low_demand,1.42800211,,,,,,,,,,,,,
467,positive,medium,high_supply_low_demand,1.066024203,,,,,,,,,,,,,
468,positive,medium,high_supply_low_demand,1.221143447,,,,,,,,,,,,,
469,negative,high,low_supply_high_demand,1.286227632,,,,,,,,,,,,,
470,positive,low,low_supply_high_demand,0.830289474,,,,,,,,,,,,,
471,positive,low,high_supply_low_demand,1.360532356,,,,,,,,,,,,,
472,neutral,medium,balanced,1.06420113,,,,,,,,,,,,,
473,neutral,low,high_supply_low_demand,1.269167259,,,,,,,,,,,,,
474,neutral,medium,low_supply_high_demand,1.130164846,,,,,,,,,,,,,
475,neutral,medium,low_supply_high_demand,1.2916374,,,,,,,,,,,,,
476,neutral,high,high_supply_low_demand,1.307031685,,,,,,,,,,,,,
477,neutral,medium,balanced,0.934099709,,,,,,,,,,,,,
478,negative,low,balanced,1.263521964,,,,,,,,,,,,,
479,positive,high,low_supply_high_demand,1.395926407,,,,,,,,,,,,,
480,negative,medium,low_supply_high_demand,0.96489704,,,,,,,,,,,,,
481,positive,high,low_supply_high_demand,1.330728429,,,,,,,,,,,,,
482,neutral,high,high_supply_low_demand,1.243677579,,,,,,,,,,,,,
483,positive,medium,low_supply_high_demand,1.468588224,,,,,,,,,,,,,
484,negative,low,low_supply_high_demand,0.982172604,,,,,,,,,,,,,
485,positive,medium,low_supply_high_demand,0.907994444,,,,,,,,,,,,,
486,positive,medium,balanced,1.018484711,,,,,,,,,,,,,
487,neutral,medium,balanced,0.980571145,,,,,,,,,,,,,
488,negative,medium,low_supply_high_demand,1.329782932,,,,,,,,,,,,,
489,neutral,medium,balanced,1.313176513,,,,,,,,,,,,,
490,neutral,low,balanced,1.268779431,,,,,,,,,,,,,
491,neutral,high,balanced,0.95146538,,,,,,,,,,,,,
492,positive,low,balanced,1.403264765,,,,,,,,,,,,,
493,positive,medium,high_supply_low_demand,1.469600089,,,,,,,,,,,,,
494,negative,high,balanced,1.172124073,,,,,,,,,,,,,
495,positive,high,balanced,1.254560911,,,,,,,,,,,,,
496,positive,high,balanced,1.150484469,,,,,,,,,,,,,
497,negative,low,balanced,0.998490401,,,,,,,,,,,,,
498,neutral,low,high_supply_low_demand,1.000303323,,,,,,,,,,,,,
499,negative,low,high_supply_low_demand,1.019394366,,,,,,,,,,,,,
500,negative,medium,low_supply_high_demand,0.933595003,,,,,,,,,,,,,
501,positive,low,balanced,1.431346543,,,,,,,,,,,,,
502,negative,low,balanced,1.400878694,,,,,,,,,,,,,
503,negative,low,low_supply_high_demand,1.123147553,,,,,,,,,,,,,
504,positive,high,high_supply_low_demand,1.057075989,,,,,,,,,,,,,
505,negative,high,low_supply_high_demand,1.45735485,,,,,,,,,,,,,
506,neutral,medium,high_supply_low_demand,0.955661428,,,,,,,,,,,,,
507,positive,high,low_supply_high_demand,1.187479372,,,,,,,,,,,,,
508,neutral,medium,low_supply_high_demand,0.838148709,,,,,,,,,,,,,
509,negative,high,balanced,0.933841538,,,,,,,,,,,,,
510,neutral,medium,low_supply_high_demand,1.222818853,,,,,,,,,,,,,
511,neutral,medium,high_supply_low_demand,1.263528557,,,,,,,,,,,,,
512,positive,high,high_supply_low_demand,1.206697073,,,,,,,,,,,,,
513,neutral,high,low_supply_high_demand,1.408720991,,,,,,,,,,,,,
514,neutral,low,high_supply_low_demand,1.495383655,,,,,,,,,,,,,
515,neutral,low,low_supply_high_demand,1.33470329,,,,,,,,,,,,,
516,negative,medium,balanced,1.125564249,,,,,,,,,,,,,
517,positive,medium,balanced,1.383754269,,,,,,,,,,,,,
518,neutral,medium,balanced,0.884271176,,,,,,,,,,,,,
519,neutral,high,balanced,1.278289488,,,,,,,,,,,,,
520,positive,high,low_supply_high_demand,1.162836451,,,,,,,,,,,,,
521,neutral,low,high_supply_low_demand,0.92464612,,,,,,,,,,,,,
522,negative,high,low_supply_high_demand,1.481053532,,,,,,,,,,,,,
523,positive,medium,high_supply_low_demand,1.036906194,,,,,,,,,,,,,
524,neutral,low,low_supply_high_demand,1.230796384,,,,,,,,,,,,,
525,negative,high,high_supply_low_demand,1.415015966,,,,,,,,,,,,,
526,neutral,medium,high_supply_low_demand,1.154682191,,,,,,,,,,,,,
527,negative,high,low_supply_high_demand,0.880596495,,,,,,,,,,,,,
528,neutral,high,balanced,1.373117359,,,,,,,,,,,,,
529,negative,high,low_supply_high_demand,1.047249637,,,,,,,,,,,,,
530,neutral,medium,balanced,1.488146808,,,,,,,,,,,,,
531,negative,medium,low_supply_high_demand,1.418677813,,,,,,,,,,,,,
532,negative,high,high_supply_low_demand,1.397414533,,,,,,,,,,,,,
533,negative,medium,balanced,1.049377224,,,,,,,,,,,,,
534,negative,high,high_supply_low_demand,1.329990844,,,,,,,,,,,,,
535,positive,low,high_supply_low_demand,1.490430344,,,,,,,,,,,,,
536,negative,medium,high_supply_low_demand,1.168425128,,,,,,,,,,,,,
537,negative,high,low_supply_high_demand,1.129512508,,,,,,,,,,,,,
538,negative,high,high_supply_low_demand,0.810266075,,,,,,,,,,,,,
539,negative,high,low_supply_high_demand,1.290142638,,,,,,,,,,,,,
540,positive,low,balanced,1.400934298,,,,,,,,,,,,,
541,neutral,medium,high_supply_low_demand,0.97322003,,,,,,,,,,,,,
542,positive,high,balanced,1.020517204,,,,,,,,,,,,,
543,negative,high,balanced,1.150473915,,,,,,,,,,,,,
544,positive,high,low_supply_high_demand,0.85045611,,,,,,,,,,,,,
545,positive,medium,balanced,0.862749733,,,,,,,,,,,,,
546,negative,low,low_supply_high_demand,1.094777531,,,,,,,,,,,,,
547,neutral,low,low_supply_high_demand,0.982853267,,,,,,,,,,,,,
548,negative,high,balanced,1.084226112,,,,,,,,,,,,,
549,negative,high,balanced,1.118070409,,,,,,,,,,,,,
550,neutral,medium,balanced,1.483391378,,,,,,,,,,,,,
551,neutral,high,low_supply_high_demand,1.460981874,,,,,,,,,,,,,
552,negative,low,low_supply_high_demand,0.897811106,,,,,,,,,,,,,
553,neutral,medium,balanced,1.417810182,,,,,,,,,,,,,
554,negative,medium,low_supply_high_demand,0.856144664,,,,,,,,,,,,,
555,neutral,high,balanced,1.155344829,,,,,,,,,,,,,
556,negative,low,low_supply_high_demand,0.91473693,,,,,,,,,,,,,
557,positive,medium,low_supply_high_demand,1.056124502,,,,,,,,,,,,,
558,neutral,medium,high_supply_low_demand,1.320338158,,,,,,,,,,,,,
559,neutral,high,high_supply_low_demand,1.097153836,,,,,,,,,,,,,
560,negative,low,balanced,1.364865901,,,,,,,,,,,,,
561,negative,low,high_supply_low_demand,1.303170998,,,,,,,,,,,,,
562,positive,medium,low_supply_high_demand,1.459987612,,,,,,,,,,,,,
563,negative,low,balanced,1.173909214,,,,,,,,,,,,,
564,neutral,high,high_supply_low_demand,1.361503568,,,,,,,,,,,,,
565,negative,high,balanced,1.026034974,,,,,,,,,,,,,
566,positive,medium,balanced,1.042022092,,,,,,,,,,,,,
567,neutral,medium,low_supply_high_demand,1.080357325,,,,,,,,,,,,,
568,negative,low,high_supply_low_demand,1.087641014,,,,,,,,,,,,,
569,positive,high,low_supply_high_demand,0.872277254,,,,,,,,,,,,,
570,negative,low,balanced,1.163369258,,,,,,,,,,,,,
571,neutral,low,balanced,0.867762253,,,,,,,,,,,,,
572,negative,medium,balanced,1.422833495,,,,,,,,,,,,,
573,neutral,high,high_supply_low_demand,0.843291348,,,,,,,,,,,,,
574,positive,high,low_supply_high_demand,1.114786101,,,,,,,,,,,,,
575,positive,low,low_supply_high_demand,0.999285846,,,,,,,,,,,,,
576,neutral,high,high_supply_low_demand,0.908408591,,,,,,,,,,,,,
577,positive,high,low_supply_high_demand,1.348685684,,,,,,,,,,,,,
578,negative,low,low_supply_high_demand,1.300452679,,,,,,,,,,,,,
579,positive,medium,balanced,0.902163523,,,,,,,,,,,,,
580,neutral,medium,balanced,1.242935949,,,,,,,,,,,,,
581,negative,medium,balanced,1.354788617,,,,,,,,,,,,,
582,positive,low,high_supply_low_demand,1.341332554,,,,,,,,,,,,,
583,negative,high,balanced,0.864595718,,,,,,,,,,,,,
584,positive,low,low_supply_high_demand,1.279858903,,,,,,,,,,,,,
585,positive,low,high_supply_low_demand,1.301216745,,,,,,,,,,,,,
586,neutral,medium,low_supply_high_demand,1.403516387,,,,,,,,,,,,,
587,positive,high,high_supply_low_demand,1.155631037,,,,,,,,,,,,,
588,neutral,medium,low_supply_high_demand,1.1227658,,,,,,,,,,,,,
589,positive,high,high_supply_low_demand,1.475581427,,,,,,,,,,,,,
590,negative,high,low_supply_high_demand,1.357558579,,,,,,,,,,,,,
591,positive,medium,balanced,1.191111694,,,,,,,,,,,,,
592,negative,medium,high_supply_low_demand,1.03143195,,,,,,,,,,,,,
593,neutral,low,low_supply_high_demand,1.391666597,,,,,,,,,,,,,
594,positive,high,low_supply_high_demand,1.118805473,,,,,,,,,,,,,
595,negative,high,low_supply_high_demand,0.864879635,,,,,,,,,,,,,
596,positive,high,low_supply_high_demand,1.118432991,,,,,,,,,,,,,
597,negative,high,balanced,1.410377877,,,,,,,,,,,,,
598,positive,high,balanced,1.113797503,,,,,,,,,,,,,
599,negative,low,high_supply_low_demand,0.810044403,,,,,,,,,,,,,
600,negative,high,high_supply_low_demand,1.228039727,,,,,,,,,,,,,
601,positive,low,low_supply_high_demand,1.497081002,,,,,,,,,,,,,
602,positive,medium,high_supply_low_demand,1.372074009,,,,,,,,,,,,,
603,negative,low,low_supply_high_demand,1.232066563,,,,,,,,,,,,,
604,neutral,low,high_supply_low_demand,1.440079221,,,,,,,,,,,,,
605,neutral,low,high_supply_low_demand,1.369507177,,,,,,,,,,,,,
606,neutral,medium,low_supply_high_demand,1.149047547,,,,,,,,,,,,,
607,neutral,high,balanced,1.2138542,,,,,,,,,,,,,
608,positive,low,low_supply_high_demand,1.311904966,,,,,,,,,,,,,
609,negative,medium,balanced,1.392498315,,,,,,,,,,,,,
610,neutral,low,high_supply_low_demand,0.840723482,,,,,,,,,,,,,
611,neutral,low,balanced,1.3423627,,,,,,,,,,,,,
612,neutral,medium,low_supply_high_demand,1.113252408,,,,,,,,,,,,,
613,neutral,low,high_supply_low_demand,1.262558992,,,,,,,,,,,,,
614,negative,low,balanced,1.335243108,,,,,,,,,,,,,
615,positive,high,balanced,1.177651348,,,,,,,,,,,,,
616,negative,medium,low_supply_high_demand,0.910960395,,,,,,,,,,,,,
617,neutral,low,high_supply_low_demand,1.086668782,,,,,,,,,,,,,
618,neutral,medium,high_supply_low_demand,0.853811096,,,,,,,,,,,,,
619,neutral,medium,balanced,1.282510484,,,,,,,,,,,,,
620,neutral,high,balanced,1.467594327,,,,,,,,,,,,,
621,negative,high,balanced,1.356676969,,,,,,,,,,,,,
622,positive,high,high_supply_low_demand,1.072850496,,,,,,,,,,,,,
623,neutral,low,balanced,1.209004047,,,,,,,,,,,,,
624,negative,low,balanced,1.012940473,,,,,,,,,,,,,
625,neutral,low,high_supply_low_demand,1.17873192,,,,,,,,,,,,,
626,neutral,low,high_supply_low_demand,1.010508834,,,,,,,,,,,,,
627,neutral,low,low_supply_high_demand,1.31682733,,,,,,,,,,,,,
628,negative,low,high_supply_low_demand,0.981539056,,,,,,,,,,,,,
629,positive,medium,high_supply_low_demand,1.474814273,,,,,,,,,,,,,
630,negative,medium,low_supply_high_demand,1.263364113,,,,,,,,,,,,,
631,negative,high,high_supply_low_demand,0.848144493,,,,,,,,,,,,,
632,negative,low,low_supply_high_demand,0.807544434,,,,,,,,,,,,,
633,negative,medium,high_supply_low_demand,1.497932441,,,,,,,,,,,,,
634,negative,high,low_supply_high_demand,0.954353905,,,,,,,,,,,,,
635,positive,high,balanced,1.018793924,,,,,,,,,,,,,
636,neutral,high,balanced,0.94588981,,,,,,,,,,,,,
637,neutral,high,balanced,1.449671241,,,,,,,,,,,,,
638,negative,medium,low_supply_high_demand,1.256409002,,,,,,,,,,,,,
639,negative,medium,balanced,1.153070426,,,,,,,,,,,,,
640,negative,medium,high_supply_low_demand,1.19035557,,,,,,,,,,,,,
641,neutral,high,low_supply_high_demand,1.022510993,,,,,,,,,,,,,
642,neutral,high,high_supply_low_demand,1.229922502,,,,,,,,,,,,,
643,neutral,low,high_supply_low_demand,1.093720254,,,,,,,,,,,,,
644,negative,low,high_supply_low_demand,0.939459702,,,,,,,,,,,,,
645,negative,high,low_supply_high_demand,1.25962357,,,,,,,,,,,,,
646,neutral,medium,high_supply_low_demand,1.061688398,,,,,,,,,,,,,
647,negative,high,balanced,1.349546465,,,,,,,,,,,,,
648,positive,low,low_supply_high_demand,1.09077647,,,,,,,,,,,,,
649,neutral,low,balanced,1.155789963,,,,,,,,,,,,,
650,neutral,medium,low_supply_high_demand,1.351226535,,,,,,,,,,,,,
651,negative,high,high_supply_low_demand,1.113514665,,,,,,,,,,,,,
652,positive,low,balanced,1.476354795,,,,,,,,,,,,,
653,neutral,medium,low_supply_high_demand,1.355120067,,,,,,,,,,,,,
654,positive,low,high_supply_low_demand,1.378501284,,,,,,,,,,,,,
655,positive,medium,high_supply_low_demand,1.467744327,,,,,,,,,,,,,
656,negative,low,low_supply_high_demand,1.07219544,,,,,,,,,,,,,
657,neutral,low,low_supply_high_demand,1.206056185,,,,,,,,,,,,,
658,positive,high,low_supply_high_demand,1.285514219,,,,,,,,,,,,,
659,neutral,medium,low_supply_high_demand,1.271420938,,,,,,,,,,,,,
660,negative,medium,balanced,1.467055756,,,,,,,,,,,,,
661,neutral,low,low_supply_high_demand,1.001844044,,,,,,,,,,,,,
662,negative,high,high_supply_low_demand,1.00395307,,,,,,,,,,,,,
663,neutral,low,balanced,1.442603081,,,,,,,,,,,,,
664,neutral,low,high_supply_low_demand,1.359513949,,,,,,,,,,,,,
665,negative,low,high_supply_low_demand,0.942349637,,,,,,,,,,,,,
666,positive,medium,low_supply_high_demand,1.199032815,,,,,,,,,,,,,
667,positive,high,balanced,1.322034614,,,,,,,,,,,,,
668,neutral,low,low_supply_high_demand,1.047125473,,,,,,,,,,,,,
669,neutral,low,high_supply_low_demand,1.104067576,,,,,,,,,,,,,
670,neutral,low,low_supply_high_demand,1.202777628,,,,,,,,,,,,,
671,positive,medium,low_supply_high_demand,1.12697599,,,,,,,,,,,,,
672,negative,low,low_supply_high_demand,1.327129673,,,,,,,,,,,,,
673,negative,medium,low_supply_high_demand,0.804157128,,,,,,,,,,,,,
674,negative,medium,low_supply_high_demand,1.104242767,,,,,,,,,,,,,
675,positive,medium,low_supply_high_demand,1.036306963,,,,,,,,,,,,,
676,negative,medium,balanced,1.226414837,,,,,,,,,,,,,
677,positive,medium,low_supply_high_demand,1.343170909,,,,,,,,,,,,,
678,neutral,high,balanced,0.853301614,,,,,,,,,,,,,
679,negative,medium,low_supply_high_demand,0.910641814,,,,,,,,,,,,,
680,negative,medium,balanced,1.265557137,,,,,,,,,,,,,
681,positive,low,high_supply_low_demand,1.316881709,,,,,,,,,,,,,
682,neutral,high,balanced,1.211741244,,,,,,,,,,,,,
683,negative,high,balanced,1.487962344,,,,,,,,,,,,,
684,positive,low,high_supply_low_demand,1.149623042,,,,,,,,,,,,,
685,positive,medium,low_supply_high_demand,0.895404635,,,,,,,,,,,,,
686,negative,high,low_supply_high_demand,1.280403742,,,,,,,,,,,,,
687,neutral,medium,balanced,1.221452866,,,,,,,,,,,,,
688,negative,low,low_supply_high_demand,1.213295033,,,,,,,,,,,,,
689,positive,high,low_supply_high_demand,1.182097545,,,,,,,,,,,,,
690,positive,medium,high_supply_low_demand,1.457366997,,,,,,,,,,,,,
691,positive,high,low_supply_high_demand,0.890409478,,,,,,,,,,,,,
692,neutral,high,low_supply_high_demand,0.851238109,,,,,,,,,,,,,
693,positive,medium,balanced,0.907882019,,,,,,,,,,,,,
694,neutral,medium,low_supply_high_demand,0.971493147,,,,,,,,,,,,,
695,positive,high,low_supply_high_demand,1.215062424,,,,,,,,,,,,,
696,neutral,low,balanced,1.228697674,,,,,,,,,,,,,
697,negative,high,balanced,0.962821314,,,,,,,,,,,,,
698,neutral,low,balanced,1.14245785,,,,,,,,,,,,,
699,negative,high,low_supply_high_demand,1.137443297,,,,,,,,,,,,,
700,neutral,medium,low_supply_high_demand,1.117177536,,,,,,,,,,,,,
701,negative,low,low_supply_high_demand,1.362481706,,,,,,,,,,,,,
702,neutral,low,low_supply_high_demand,1.130185149,,,,,,,,,,,,,
703,negative,high,low_supply_high_demand,1.330855847,,,,,,,,,,,,,
704,positive,high,low_supply_high_demand,0.916536792,,,,,,,,,,,,,
705,negative,low,balanced,1.172377141,,,,,,,,,,,,,
706,neutral,medium,balanced,1.376873343,,,,,,,,,,,,,
707,positive,low,low_supply_high_demand,0.924401609,,,,,,,,,,,,,
708,positive,low,high_supply_low_demand,1.125445518,,,,,,,,,,,,,
709,negative,medium,balanced,1.226355521,,,,,,,,,,,,,
710,negative,medium,low_supply_high_demand,0.929342202,,,,,,,,,,,,,
711,positive,high,balanced,1.329735924,,,,,,,,,,,,,
712,negative,high,high_supply_low_demand,0.855297373,,,,,,,,,,,,,
713,positive,high,balanced,1.462490856,,,,,,,,,,,,,
714,positive,medium,balanced,1.127755046,,,,,,,,,,,,,
715,negative,low,balanced,1.03528616,,,,,,,,,,,,,
716,negative,medium,balanced,0.881764905,,,,,,,,,,,,,
717,neutral,high,low_supply_high_demand,1.10281765,,,,,,,,,,,,,
718,negative,low,high_supply_low_demand,1.261862821,,,,,,,,,,,,,
719,positive,high,low_supply_high_demand,0.866141095,,,,,,,,,,,,,
720,positive,low,balanced,1.014388367,,,,,,,,,,,,,
721,neutral,medium,balanced,1.385212308,,,,,,,,,,,,,
722,neutral,high,balanced,1.252326718,,,,,,,,,,,,,
723,positive,medium,high_supply_low_demand,0.944461108,,,,,,,,,,,,,
724,neutral,medium,high_supply_low_demand,0.912636857,,,,,,,,,,,,,
725,positive,medium,low_supply_high_demand,1.433139518,,,,,,,,,,,,,
726,negative,low,balanced,1.000914155,,,,,,,,,,,,,
727,positive,medium,high_supply_low_demand,0.925650118,,,,,,,,,,,,,
728,neutral,medium,balanced,1.499974813,,,,,,,,,,,,,
729,negative,low,low_supply_high_demand,1.016434279,,,,,,,,,,,,,
730,positive,medium,low_supply_high_demand,0.887318131,,,,,,,,,,,,,
731,positive,medium,high_supply_low_demand,1.123230341,,,,,,,,,,,,,
732,neutral,medium,low_supply_high_demand,1.104041577,,,,,,,,,,,,,
733,neutral,low,high_supply_low_demand,1.448761733,,,,,,,,,,,,,
734,positive,low,balanced,0.893943463,,,,,,,,,,,,,
735,negative,high,high_supply_low_demand,0.863795484,,,,,,,,,,,,,
736,neutral,medium,low_supply_high_demand,0.86508507,,,,,,,,,,,,,
737,negative,low,balanced,1.433001226,,,,,,,,,,,,,
738,neutral,medium,low_supply_high_demand,1.114558425,,,,,,,,,,,,,
739,negative,low,balanced,0.90542457,,,,,,,,,,,,,
740,positive,low,balanced,1.215681069,,,,,,,,,,,,,
741,negative,low,balanced,1.176336349,,,,,,,,,,,,,
742,positive,high,balanced,0.938884723,,,,,,,,,,,,,
743,negative,medium,low_supply_high_demand,1.222126698,,,,,,,,,,,,,
744,positive,low,high_supply_low_demand,1.038161864,,,,,,,,,,,,,
745,positive,medium,balanced,0.966859537,,,,,,,,,,,,,
746,negative,low,low_supply_high_demand,1.157280428,,,,,,,,,,,,,
747,neutral,medium,low_supply_high_demand,1.004154483,,,,,,,,,,,,,
748,positive,medium,low_supply_high_demand,0.955497945,,,,,,,,,,,,,
749,negative,low,high_supply_low_demand,1.415805686,,,,,,,,,,,,,
750,positive,medium,low_supply_high_demand,0.909033804,,,,,,,,,,,,,
751,positive,high,low_supply_high_demand,0.996412984,,,,,,,,,,,,,
752,negative,high,high_supply_low_demand,1.070296866,,,,,,,,,,,,,
753,positive,medium,low_supply_high_demand,0.991546817,,,,,,,,,,,,,
754,neutral,medium,low_supply_high_demand,0.94749745,,,,,,,,,,,,,
755,negative,low,high_supply_low_demand,1.339802268,,,,,,,,,,,,,
756,positive,low,high_supply_low_demand,1.030311311,,,,,,,,,,,,,
757,negative,medium,high_supply_low_demand,0.87875907,,,,,,,,,,,,,
758,negative,medium,balanced,1.178626614,,,,,,,,,,,,,
759,neutral,medium,high_supply_low_demand,0.887841948,,,,,,,,,,,,,
760,negative,medium,balanced,1.050263725,,,,,,,,,,,,,
761,negative,high,balanced,1.417278734,,,,,,,,,,,,,
762,negative,medium,high_supply_low_demand,1.058412837,,,,,,,,,,,,,
763,negative,low,balanced,1.242756282,,,,,,,,,,,,,
764,negative,high,low_supply_high_demand,1.160237875,,,,,,,,,,,,,
765,positive,medium,low_supply_high_demand,0.896407392,,,,,,,,,,,,,
766,negative,low,high_supply_low_demand,1.254348718,,,,,,,,,,,,,
767,positive,high,balanced,1.399224498,,,,,,,,,,,,,
768,positive,medium,low_supply_high_demand,0.865248732,,,,,,,,,,,,,
769,neutral,medium,balanced,1.327576062,,,,,,,,,,,,,
770,neutral,medium,balanced,1.283147897,,,,,,,,,,,,,
771,negative,medium,low_supply_high_demand,1.406662402,,,,,,,,,,,,,
772,neutral,high,high_supply_low_demand,0.872864352,,,,,,,,,,,,,
773,positive,low,balanced,1.013986766,,,,,,,,,,,,,
774,negative,medium,low_supply_high_demand,1.286004041,,,,,,,,,,,,,
775,neutral,high,high_supply_low_demand,0.815412585,,,,,,,,,,,,,
776,positive,high,balanced,1.313852974,,,,,,,,,,,,,
777,neutral,low,balanced,1.400585005,,,,,,,,,,,,,
778,negative,high,balanced,1.117312837,,,,,,,,,,,,,
779,neutral,high,balanced,1.104030932,,,,,,,,,,,,,
780,negative,low,high_supply_low_demand,0.994928273,,,,,,,,,,,,,
781,negative,high,balanced,0.803536309,,,,,,,,,,,,,
782,neutral,high,low_supply_high_demand,0.930412462,,,,,,,,,,,,,
783,negative,low,low_supply_high_demand,1.485904883,,,,,,,,,,,,,
784,negative,high,low_supply_high_demand,1.407100254,,,,,,,,,,,,,
785,negative,low,high_supply_low_demand,0.986553247,,,,,,,,,,,,,
786,negative,medium,low_supply_high_demand,1.4746242,,,,,,,,,,,,,
787,neutral,medium,balanced,1.057398831,,,,,,,,,,,,,
788,negative,medium,balanced,1.008309762,,,,,,,,,,,,,
789,negative,medium,low_supply_high_demand,0.906965345,,,,,,,,,,,,,
790,negative,high,high_supply_low_demand,1.431127749,,,,,,,,,,,,,
791,negative,medium,high_supply_low_demand,1.490894744,,,,,,,,,,,,,
792,positive,low,balanced,1.029187983,,,,,,,,,,,,,
793,neutral,low,balanced,1.292401296,,,,,,,,,,,,,
794,neutral,low,low_supply_high_demand,1.034712387,,,,,,,,,,,,,
795,positive,low,high_supply_low_demand,0.873493518,,,,,,,,,,,,,
796,neutral,medium,low_supply_high_demand,1.074884615,,,,,,,,,,,,,
797,positive,low,balanced,1.186098973,,,,,,,,,,,,,
798,neutral,medium,balanced,0.886111731,,,,,,,,,,,,,
799,neutral,low,low_supply_high_demand,1.372790942,,,,,,,,,,,,,
800,negative,low,high_supply_low_demand,1.148154182,,,,,,,,,,,,,
801,positive,medium,balanced,0.964068067,,,,,,,,,,,,,
802,positive,medium,balanced,1.214931705,,,,,,,,,,,,,
803,neutral,high,high_supply_low_demand,1.355281514,,,,,,,,,,,,,
804,positive,high,balanced,1.029337044,,,,,,,,,,,,,
805,negative,high,high_supply_low_demand,1.291033427,,,,,,,,,,,,,
806,neutral,low,high_supply_low_demand,1.099501426,,,,,,,,,,,,,
807,neutral,low,balanced,1.474835818,,,,,,,,,,,,,
808,negative,low,low_supply_high_demand,1.339658061,,,,,,,,,,,,,
809,positive,high,balanced,1.049445632,,,,,,,,,,,,,
810,positive,high,balanced,0.812423571,,,,,,,,,,,,,
811,neutral,high,balanced,1.260263927,,,,,,,,,,,,,
812,neutral,low,balanced,0.938510511,,,,,,,,,,,,,
813,negative,medium,low_supply_high_demand,0.885315423,,,,,,,,,,,,,
814,positive,high,low_supply_high_demand,1.452243516,,,,,,,,,,,,,
815,positive,medium,low_supply_high_demand,1.499964279,,,,,,,,,,,,,
816,positive,low,high_supply_low_demand,0.988922174,,,,,,,,,,,,,
817,negative,high,low_supply_high_demand,1.011237987,,,,,,,,,,,,,
818,negative,low,high_supply_low_demand,0.915492257,,,,,,,,,,,,,
819,neutral,medium,balanced,1.120379343,,,,,,,,,,,,,
820,neutral,low,low_supply_high_demand,1.406090632,,,,,,,,,,,,,
821,neutral,low,low_supply_high_demand,1.291054166,,,,,,,,,,,,,
822,neutral,high,low_supply_high_demand,1.392432091,,,,,,,,,,,,,
823,positive,medium,low_supply_high_demand,0.959937159,,,,,,,,,,,,,
824,positive,high,low_supply_high_demand,1.311319247,,,,,,,,,,,,,
825,positive,low,balanced,1.44296864,,,,,,,,,,,,,
826,positive,low,low_supply_high_demand,0.99699128,,,,,,,,,,,,,
827,negative,medium,high_supply_low_demand,1.283457481,,,,,,,,,,,,,
828,negative,low,high_supply_low_demand,1.080460188,,,,,,,,,,,,,
829,positive,high,low_supply_high_demand,1.003158652,,,,,,,,,,,,,
830,neutral,medium,high_supply_low_demand,1.478736428,,,,,,,,,,,,,
831,positive,low,low_supply_high_demand,1.044043261,,,,,,,,,,,,,
832,neutral,high,balanced,0.875494777,,,,,,,,,,,,,
833,negative,high,high_supply_low_demand,1.072012447,,,,,,,,,,,,,
834,negative,medium,low_supply_high_demand,1.113374804,,,,,,,,,,,,,
835,neutral,low,high_supply_low_demand,1.326547578,,,,,,,,,,,,,
836,positive,high,low_supply_high_demand,1.464939987,,,,,,,,,,,,,
837,positive,medium,high_supply_low_demand,1.371939889,,,,,,,,,,,,,
838,neutral,high,balanced,1.451658918,,,,,,,,,,,,,
839,positive,low,high_supply_low_demand,1.132542091,,,,,,,,,,,,,
840,positive,high,high_supply_low_demand,1.303521598,,,,,,,,,,,,,
841,negative,low,high_supply_low_demand,1.01633471,,,,,,,,,,,,,
842,neutral,high,high_supply_low_demand,0.848710976,,,,,,,,,,,,,
843,positive,low,low_supply_high_demand,1.055831468,,,,,,,,,,,,,
844,negative,high,balanced,1.28854066,,,,,,,,,,,,,
845,positive,high,balanced,0.992235477,,,,,,,,,,,,,
846,positive,medium,high_supply_low_demand,1.402984127,,,,,,,,,,,,,
847,neutral,low,high_supply_low_demand,1.353540995,,,,,,,,,,,,,
848,positive,high,balanced,0.935829784,,,,,,,,,,,,,
849,negative,medium,balanced,1.031585734,,,,,,,,,,,,,
850,positive,high,balanced,1.377711832,,,,,,,,,,,,,
851,neutral,medium,balanced,0.970756453,,,,,,,,,,,,,
852,positive,high,high_supply_low_demand,1.032121502,,,,,,,,,,,,,
853,positive,medium,balanced,1.040146853,,,,,,,,,,,,,
854,neutral,low,high_supply_low_demand,1.360729419,,,,,,,,,,,,,
855,positive,high,high_supply_low_demand,0.825921186,,,,,,,,,,,,,
856,positive,low,balanced,0.851650888,,,,,,,,,,,,,
857,neutral,low,low_supply_high_demand,1.204916084,,,,,,,,,,,,,
858,positive,medium,high_supply_low_demand,1.077978394,,,,,,,,,,,,,
859,negative,low,balanced,1.243019724,,,,,,,,,,,,,
860,positive,medium,high_supply_low_demand,0.986522893,,,,,,,,,,,,,
861,positive,medium,low_supply_high_demand,1.436707874,,,,,,,,,,,,,
862,neutral,medium,balanced,1.332659321,,,,,,,,,,,,,
863,neutral,medium,high_supply_low_demand,0.847422354,,,,,,,,,,,,,
864,neutral,medium,low_supply_high_demand,1.348733834,,,,,,,,,,,,,
865,neutral,high,low_supply_high_demand,1.478707661,,,,,,,,,,,,,
866,positive,high,high_supply_low_demand,1.459704934,,,,,,,,,,,,,
867,negative,low,balanced,1.314838659,,,,,,,,,,,,,
868,negative,high,balanced,0.886515627,,,,,,,,,,,,,
869,negative,medium,high_supply_low_demand,1.203253736,,,,,,,,,,,,,
870,neutral,medium,low_supply_high_demand,0.99896291,,,,,,,,,,,,,
871,positive,high,low_supply_high_demand,1.479149061,,,,,,,,,,,,,
872,positive,low,low_supply_high_demand,1.302240008,,,,,,,,,,,,,
873,positive,low,low_supply_high_demand,1.227535913,,,,,,,,,,,,,
874,negative,high,high_supply_low_demand,1.28656163,,,,,,,,,,,,,
875,negative,medium,low_supply_high_demand,1.10658539,,,,,,,,,,,,,
876,neutral,medium,high_supply_low_demand,1.060915726,,,,,,,,,,,,,
877,negative,low,balanced,1.455059706,,,,,,,,,,,,,
878,negative,high,balanced,1.032348994,,,,,,,,,,,,,
879,negative,medium,low_supply_high_demand,0.829005292,,,,,,,,,,,,,
880,negative,low,low_supply_high_demand,1.080588108,,,,,,,,,,,,,
881,positive,low,low_supply_high_demand,1.353238247,,,,,,,,,,,,,
882,negative,high,balanced,1.253927851,,,,,,,,,,,,,
883,negative,low,high_supply_low_demand,1.473519543,,,,,,,,,,,,,
884,negative,medium,high_supply_low_demand,0.874341307,,,,,,,,,,,,,
885,negative,low,high_supply_low_demand,1.438082412,,,,,,,,,,,,,
886,negative,low,low_supply_high_demand,1.058194436,,,,,,,,,,,,,
887,negative,low,high_supply_low_demand,1.13180181,,,,,,,,,,,,,
888,neutral,high,low_supply_high_demand,1.099937508,,,,,,,,,,,,,
889,neutral,medium,balanced,0.881516597,,,,,,,,,,,,,
890,positive,low,high_supply_low_demand,0.973457519,,,,,,,,,,,,,
891,neutral,high,low_supply_high_demand,1.319590098,,,,,,,,,,,,,
892,positive,low,high_supply_low_demand,0.816105279,,,,,,,,,,,,,
893,neutral,medium,balanced,0.893721442,,,,,,,,,,,,,
894,neutral,low,high_supply_low_demand,0.817647118,,,,,,,,,,,,,
895,neutral,high,high_supply_low_demand,1.40017164,,,,,,,,,,,,,
896,positive,low,balanced,1.232127379,,,,,,,,,,,,,
897,positive,low,low_supply_high_demand,0.918950063,,,,,,,,,,,,,
898,neutral,low,low_supply_high_demand,1.338140556,,,,,,,,,,,,,
899,neutral,high,low_supply_high_demand,1.476760418,,,,,,,,,,,,,
900,positive,low,high_supply_low_demand,1.454192262,,,,,,,,,,,,,
901,positive,low,high_supply_low_demand,1.445083283,,,,,,,,,,,,,
902,neutral,high,low_supply_high_demand,0.805467151,,,,,,,,,,,,,
903,neutral,high,low_supply_high_demand,1.212309442,,,,,,,,,,,,,
904,neutral,medium,high_supply_low_demand,0.979642832,,,,,,,,,,,,,
905,neutral,high,low_supply_high_demand,1.19525305,,,,,,,,,,,,,
906,positive,low,low_supply_high_demand,1.022621202,,,,,,,,,,,,,
907,negative,low,high_supply_low_demand,0.90756658,,,,,,,,,,,,,
908,positive,high,balanced,1.111145606,,,,,,,,,,,,,
909,positive,medium,high_supply_low_demand,1.146567429,,,,,,,,,,,,,
910,negative,high,low_supply_high_demand,1.492835855,,,,,,,,,,,,,
911,negative,medium,low_supply_high_demand,0.829671519,,,,,,,,,,,,,
912,positive,high,balanced,1.010808639,,,,,,,,,,,,,
913,positive,medium,balanced,1.396325692,,,,,,,,,,,,,
914,negative,medium,high_supply_low_demand,1.261786849,,,,,,,,,,,,,
915,negative,low,balanced,1.378678122,,,,,,,,,,,,,
916,negative,medium,low_supply_high_demand,1.262203643,,,,,,,,,,,,,
917,positive,low,low_supply_high_demand,1.331675416,,,,,,,,,,,,,
918,neutral,high,low_supply_high_demand,1.145045225,,,,,,,,,,,,,
919,negative,high,low_supply_high_demand,0.943414385,,,,,,,,,,,,,
920,neutral,high,balanced,1.367002703,,,,,,,,,,,,,
921,neutral,high,low_supply_high_demand,1.197474458,,,,,,,,,,,,,
922,positive,high,low_supply_high_demand,0.897653636,,,,,,,,,,,,,
923,positive,low,low_supply_high_demand,1.363425819,,,,,,,,,,,,,
924,neutral,high,high_supply_low_demand,1.471010137,,,,,,,,,,,,,
925,positive,medium,high_supply_low_demand,1.042314711,,,,,,,,,,,,,
926,negative,low,low_supply_high_demand,1.005458576,,,,,,,,,,,,,
927,negative,medium,balanced,0.857242625,,,,,,,,,,,,,
928,neutral,low,balanced,1.265143859,,,,,,,,,,,,,
929,neutral,medium,high_supply_low_demand,1.471273133,,,,,,,,,,,,,
930,negative,low,high_supply_low_demand,0.895194883,,,,,,,,,,,,,
931,negative,high,balanced,1.139611742,,,,,,,,,,,,,
932,neutral,low,high_supply_low_demand,0.868766729,,,,,,,,,,,,,
933,negative,low,high_supply_low_demand,0.823876933,,,,,,,,,,,,,
934,positive,medium,low_supply_high_demand,1.265150735,,,,,,,,,,,,,
935,positive,low,balanced,1.407381023,,,,,,,,,,,,,
936,neutral,low,low_supply_high_demand,1.036299375,,,,,,,,,,,,,
937,positive,high,high_supply_low_demand,1.413035622,,,,,,,,,,,,,
938,neutral,medium,high_supply_low_demand,0.881937169,,,,,,,,,,,,,
939,positive,low,high_supply_low_demand,0.966572477,,,,,,,,,,,,,
940,positive,medium,high_supply_low_demand,1.431124709,,,,,,,,,,,,,
941,neutral,low,balanced,1.155956926,,,,,,,,,,,,,
942,negative,low,balanced,1.225734669,,,,,,,,,,,,,
943,neutral,medium,balanced,0.826612763,,,,,,,,,,,,,
944,neutral,high,balanced,0.889872937,,,,,,,,,,,,,
945,negative,low,low_supply_high_demand,0.839053569,,,,,,,,,,,,,
946,positive,low,low_supply_high_demand,1.433500518,,,,,,,,,,,,,
947,neutral,low,low_supply_high_demand,0.894356475,,,,,,,,,,,,,
948,neutral,medium,high_supply_low_demand,1.394770979,,,,,,,,,,,,,
949,neutral,high,balanced,1.04572429,,,,,,,,,,,,,
950,positive,low,balanced,1.360418247,,,,,,,,,,,,,
951,positive,low,balanced,1.055530483,,,,,,,,,,,,,
952,negative,low,low_supply_high_demand,0.987378828,,,,,,,,,,,,,
953,neutral,medium,high_supply_low_demand,0.865562491,,,,,,,,,,,,,
954,negative,medium,high_supply_low_demand,0.996494613,,,,,,,,,,,,,
955,negative,medium,high_supply_low_demand,1.130035802,,,,,,,,,,,,,
956,neutral,medium,low_supply_high_demand,1.372256159,,,,,,,,,,,,,
957,neutral,high,balanced,1.116760468,,,,,,,,,,,,,
958,negative,medium,low_supply_high_demand,1.480004902,,,,,,,,,,,,,
959,positive,medium,balanced,1.179143108,,,,,,,,,,,,,
960,negative,low,high_supply_low_demand,0.817461941,,,,,,,,,,,,,
961,positive,medium,balanced,1.09075711,,,,,,,,,,,,,
962,positive,high,high_supply_low_demand,1.282229375,,,,,,,,,,,,,
963,negative,high,high_supply_low_demand,0.964004152,,,,,,,,,,,,,
964,neutral,low,high_supply_low_demand,1.289040966,,,,,,,,,,,,,
965,negative,high,balanced,1.152588114,,,,,,,,,,,,,
966,negative,medium,low_supply_high_demand,0.818016443,,,,,,,,,,,,,
967,positive,medium,high_supply_low_demand,1.342047065,,,,,,,,,,,,,
968,negative,high,balanced,1.192261593,,,,,,,,,,,,,
969,neutral,high,high_supply_low_demand,0.857745452,,,,,,,,,,,,,
970,negative,medium,balanced,1.132649823,,,,,,,,,,,,,
971,negative,low,low_supply_high_demand,1.001105017,,,,,,,,,,,,,
972,positive,medium,high_supply_low_demand,1.41577708,,,,,,,,,,,,,
973,neutral,low,high_supply_low_demand,0.999448937,,,,,,,,,,,,,
974,neutral,low,high_supply_low_demand,1.45918095,,,,,,,,,,,,,
975,positive,high,low_supply_high_demand,1.182292925,,,,,,,,,,,,,
976,neutral,low,balanced,1.026529597,,,,,,,,,,,,,
977,neutral,medium,high_supply_low_demand,1.369481512,,,,,,,,,,,,,
978,negative,medium,high_supply_low_demand,1.288180265,,,,,,,,,,,,,
979,positive,high,low_supply_high_demand,1.089773747,,,,,,,,,,,,,
980,neutral,low,balanced,1.240732812,,,,,,,,,,,,,
981,positive,medium,low_supply_high_demand,1.345008985,,,,,,,,,,,,,
982,negative,low,low_supply_high_demand,1.396090456,,,,,,,,,,,,,
983,neutral,medium,high_supply_low_demand,1.3714889,,,,,,,,,,,,,
984,positive,medium,balanced,0.916253962,,,,,,,,,,,,,
985,neutral,medium,high_supply_low_demand,1.379872687,,,,,,,,,,,,,
986,positive,medium,high_supply_low_demand,0.841040341,,,,,,,,,,,,,
987,negative,high,low_supply_high_demand,0.940119477,,,,,,,,,,,,,
988,negative,high,low_supply_high_demand,1.236048704,,,,,,,,,,,,,
989,neutral,low,high_supply_low_demand,0.880284768,,,,,,,,,,,,,
990,neutral,low,low_supply_high_demand,1.222343317,,,,,,,,,,,,,
991,positive,high,low_supply_high_demand,1.015575984,,,,,,,,,,,,,
992,neutral,medium,balanced,1.10062661,,,,,,,,,,,,,
993,negative,low,high_supply_low_demand,1.020606052,,,,,,,,,,,,,
994,negative,low,high_supply_low_demand,0.849121498,,,,,,,,,,,,,
995,negative,high,balanced,1.150531127,,,,,,,,,,,,,
996,neutral,low,low_supply_high_demand,1.474519611,,,,,,,,,,,,,
997,positive,high,balanced,1.228248344,,,,,,,,,,,,,
998,negative,medium,balanced,1.01002231,,,,,,,,,,,,,
999,negative,low,balanced,1.469304884,,,,,,,,,,,,,
